"","deg5","deg6"
"mean","1","6.58382369906899e-97"
"mean","1","6.6e-97"
"sd","6.51945408230662e-17","3.1101010830389e-96"
"sd","6.5e-17","3.1e-96"
