"","deg3","deg4"
"mean","1","1.83885475186332e-93"
"mean","1","1.8e-93"
"sd","5.83117700169045e-17","3.07387766948692e-93"
"sd","5.8e-17","3.1e-93"
