"","deg3","deg4"
"mean","1","0.00270594312169165"
"mean","1","0.0027"
"sd","7.14170412699696e-17","0.00133984096940419"
"sd","7.1e-17","0.0013"
