"","deg4","deg5"
"mean","1","0.00208044067873087"
"mean","1","0.0021"
"sd","5.83117700169045e-17","0.000974829202309588"
"sd","5.8e-17","0.00097"
