"","deg2","deg3"
"mean","1","1.51358032226121e-108"
"mean","1","1.5e-108"
"sd","6.18489720029153e-17","4.74987933209591e-108"
"sd","6.2e-17","4.7e-108"
