"deg3","deg4"
0.999643972768915,0.998614136775228
0.999981869819196,0.997794300443645
