"deg1","deg2","deg3"
0.994756661826023,0.679683089614088,0.949197167729301
0.998833761099781,0.76993852180672,0.889611523137471
