"deg3","deg4"
-0.000446213976795085,0.00173692284534594
-2.27228119153735e-05,0.00276443795767307
