"deg2","deg3","deg4"
0.00944452160106336,-0.460081047012221,-0.497614286651422
-0.0139957377071681,-0.470155619244659,-0.514553777833087
