"deg2","deg3","deg4"
1,0.0503033286308324,1.01570172045533e-11
1,0.0182359787617113,5.38080719092423e-13
