"deg3","deg4"
1,0.0327036863382799
1,0.0370675503301158
