"deg2","deg3","deg4"
-7.36548466920772,73.2742763241494,156.798291136093
-7.36168803019708,79.1230266553462,165.480118261503
