"","deg1","deg2"
"mean","1","0.00372961097639268"
"mean","1","0.0037"
"sd","4.12326480019436e-17","0.00166143444657941"
"sd","4.1e-17","0.0017"
