"","deg1","deg2"
"mean","1","2.80711451147536e-90"
"mean","1","2.8e-90"
"sd","6.18489720029153e-17","1.3133923541378e-89"
"sd","6.2e-17","1.3e-89"
