"","deg3","deg4"
"mean","1","0.00316393384328321"
"mean","1","0.0032"
"sd","6.8376611267622e-17","0.00149551313638758"
"sd","6.8e-17","0.0015"
