"","deg3","deg4"
"mean","0.996719369146184","0.931540544911453"
"mean","1","0.93"
"sd","0.00306236008471002","0.0160954812146853"
"sd","0.0031","0.016"
