"","deg4","deg5"
"mean","0.992360775495349","0.743579467494115"
"mean","0.99","0.74"
"sd","0.00625641556688277","0.0403304285479448"
"sd","0.0063","0.04"
