"deg1","deg2","deg3"
0.00338354114433429,0.999126641722225,0.539524874840456
