"deg4","deg5","deg6"
0.868237557503019,0.999451963210439,0.970389626832087
