"deg3","deg4"
0.00143445349903238,0.340660466495025
