"","deg1","deg2"
"mean","0.990980017578832","0.226117961348541"
"mean","0.99","0.23"
"sd","0.00729484380044407","0.0738615688614316"
"sd","0.0073","0.074"
