"","deg2","deg3"
"mean","0.994691140939154","0.528010075156857"
"mean","0.99","0.53"
"sd","0.00468983898045829","0.0182239912091048"
"sd","0.0047","0.018"
