"","deg4","deg5"
"mean","0.994818583968753","0.914734796127399"
"mean","0.99","0.91"
"sd","0.00458327539023102","0.0177094478159108"
"sd","0.0046","0.018"
