"","deg2","deg3"
"mean","0.996284822921764","0.931934932402606"
"mean","1","0.93"
"sd","0.00289912835255347","0.0154146457592704"
"sd","0.0029","0.015"
