"","deg3","deg4"
"mean","0.995697890039986","0.782118863967167"
"mean","1","0.78"
"sd","0.00230195447916897","0.0224681535182269"
"sd","0.0023","0.022"
