"deg3","deg4"
1,0.0087320365129124
1,0.0204347352763307
