"deg3","deg4"
-7.36452586064945,82.9836573715992
-7.35891597255397,78.501084934337
