"deg1","deg2","deg3"
-7.34079606187858,179.979839236418,252.614762616006
-7.35190671557094,147.734808086707,249.752869498185
