"","deg2","deg3"
"mean","0.994672930584135","0.795275514416871"
"mean","0.99","0.8"
"sd","0.00357122823658353","0.020687099809676"
"sd","0.0036","0.021"
