"","deg4","deg5"
"mean","0.991877964569598","0.757446934348565"
"mean","0.99","0.76"
"sd","0.00538521585751142","0.0282195512616551"
"sd","0.0054","0.028"
