"","deg3","deg4"
"mean","0.994177564521829","0.50188480127063"
"mean","0.99","0.5"
"sd","0.00413164746842051","0.0192439460751981"
"sd","0.0041","0.019"
