"","deg1","deg2"
"mean","0.991031701087969","0.00216211277652897"
"mean","0.99","0.0022"
"sd","0.00582852920907997","0.00193389684152443"
"sd","0.0058","0.0019"
