"","deg3","deg4"
"mean","0.996910841071535","0.925936111193031"
"mean","1","0.93"
"sd","0.00247755020299833","0.0182535293800592"
"sd","0.0025","0.018"
