"","deg1","deg2"
"mean","0.994886797808661","0.719744027417557"
"mean","0.99","0.72"
"sd","0.00280426857720906","0.0721929342483234"
"sd","0.0028","0.072"
