"deg3","deg4"
1,0.00731991924533776
1,0.00773403498395019
