"deg2","deg3"
1,1.93137638937759e-27
1,2.93245919552079e-27
