"deg1","deg2"
1,9.36301178832327e-13
1,8.27167947575623e-12
