"deg4","deg5"
-7.3190430107092,82.4415904253152
-7.29397805974058,86.895702084094
