"deg1","deg2"
-7.36132050639326,163.859560754778
-7.36079281144398,157.412320574112
