"","deg5","deg6"
"mean","0.99215913461083","0.89306473234601"
"mean","0.99","0.89"
"sd","0.00511821923605722","0.0260842640511364"
"sd","0.0051","0.026"
