"","deg3","deg4"
"mean","0.994988695916972","0.77889157658963"
"mean","0.99","0.78"
"sd","0.00403625436663068","0.0336561068691677"
"sd","0.004","0.034"
