"","deg2","deg3"
"mean","0.994821315879701","0.647353801725382"
"mean","0.99","0.65"
"sd","0.00407912625550425","0.0487935477285463"
"sd","0.0041","0.049"
