"","deg4","deg5"
"mean","0.995476534525901","0.916774372832958"
"mean","1","0.92"
"sd","0.00311010088560964","0.0204559421339825"
"sd","0.0031","0.02"
