"","deg5","deg6"
"mean","0.990915845866031","0.689070177986673"
"mean","0.99","0.69"
"sd","0.00644663665977196","0.0438818038968813"
"sd","0.0064","0.044"
