"","deg2","deg3"
"mean","0.994774696076879","0.737648890755246"
"mean","0.99","0.74"
"sd","0.0042775259656699","0.0352193136227353"
"sd","0.0043","0.035"
