"","deg1","deg2"
"mean","0.997523030692055","0.915739660253266"
"mean","1","0.92"
"sd","0.00172473861102181","0.0246713130837659"
"sd","0.0017","0.025"
