"","deg2","deg3"
"mean","0.996608450923955","0.915697346357008"
"mean","1","0.92"
"sd","0.00272142535299234","0.0214368556583248"
"sd","0.0027","0.021"
