"deg1","deg2"
-0.00335363317716193,0.0572825909291952
-0.00356613851685751,0.131370850519118
