"","deg3","deg4"
"mean","1","6.22488903100371e-93"
"mean","1","6.2e-93"
"sd","5.83117700169045e-17","1.22735694935748e-92"
"sd","5.8e-17","1.2e-92"
