"","deg4","deg5"
"mean","1","2.01251086625202e-94"
"mean","1","2e-94"
"sd","4.60995019123333e-17","6.08618820443061e-94"
"sd","4.6e-17","6.1e-94"
