"","deg3","deg4"
"mean","1","0.00285384632981233"
"mean","1","0.0029"
"sd","5.83117700169045e-17","0.00132028015226028"
"sd","5.8e-17","0.0013"
