"","deg2","deg3"
"mean","1","0.00337600852447794"
"mean","1","0.0034"
"sd","3.57085206349848e-17","0.00146788140704415"
"sd","3.6e-17","0.0015"
