"","deg2","deg3"
"mean","1","1.67793611017794e-92"
"mean","1","1.7e-92"
"sd","5.45456662549035e-17","5.01580106642166e-92"
"sd","5.5e-17","5e-92"
