"","deg1","deg2"
"mean","1","8.98988608063387e-06"
"mean","1","9e-06"
"sd","6.18489720029153e-17","8.47892622366022e-06"
"sd","6.2e-17","8.5e-06"
