"deg1","deg2","deg3"
1,0.0201029373186535,2.3865468091524e-13
1,0.0254197190293017,1.17563384329414e-13
