"deg1","deg2","deg3"
-7.3564724986767,78.590982384835,167.845806293325
-7.35545142417405,77.2867972630854,169.89420031593
