"deg3","deg4"
-7.35385169894803,75.8465043710107
-7.3540916509405,75.1135985877977
