"deg1","deg2","deg3"
0.821809850668053,0.999299865841491,0.994541370278513
