"deg2","deg3","deg4"
0.999480619818794,0.992642401938598,0.968640267076732
0.997849072595404,0.977584810241732,0.957520582229148
