"deg1","deg2"
0.95096793778936,0.146520333731322
0.943302068685461,0.255048370204808
