"deg1","deg2","deg3"
0.328706899577937,0.998335708183182,0.984480303179491
