"deg1","deg2","deg3"
0.979872666943929,0.716610375326921,0.601208303776976
0.979439989474905,0.879664815676238,0.90429913757766
