"deg1","deg2"
0.0218336704987822,-0.932086583703757
0.0568005162023784,-0.519430861433543
