"deg3","deg4"
0.997484978279995,0.967511770647012
0.999873607765377,0.938602184506291
