"deg3","deg4"
0.00315211749715487,0.0407292150814405
0.000158409175162149,0.0770268508792597
