"deg1","deg2","deg3"
-0.00249994762456454,0.0555494378500494,0.284918083433843
-0.00207241061842175,0.0832624847937572,0.167851741137325
