"model","data_gen","llik","aic","bic"
"model_Ycubic_tr100_legd1.RData","Ycubic",-48.1914717564634,100.382943512927,105.593283884903
"model_Ylin_tr100_legd1.RData","Ylin",-43.1623331598959,90.3246663197918,95.535006691768
"model_Ylin1-1_tr100_legd1.RData","Ylin1-1",-43.9413127003876,91.8826254007753,97.0929657727514
"model_Yquad1-1-1_tr100_legd1.RData","Yquad1-1-1",-46.5818107492725,97.1636214985451,102.373961870521
"model_Yrbf5-005-fz01_tr100_legd1.RData","Yrbf5-005-fz01",-74.8030125430025,153.606025086005,158.816365457981
"model_Yrbf5-05-fz01_tr100_legd1.RData","Yrbf5-05-fz01",-54.3471905272645,112.694381054529,117.904721426505
"model_Yrbf5-10_tr100_legd1.RData","Yrbf5-10",NA,NA,NA
