"","deg5","deg6"
"mean","1","0.00138255279471252"
"mean","1","0.0014"
"sd","5.45456662549035e-17","0.000624578969613561"
"sd","5.5e-17","0.00062"
