"","deg2","deg3"
"mean","1","0.000269752538844124"
"mean","1","0.00027"
"sd","4.12326480019436e-17","0.000223625627526471"
"sd","4.1e-17","0.00022"
