"","deg4","deg5"
"mean","1","2.24691983742189e-95"
"mean","1","2.2e-95"
"sd","6.8376611267622e-17","5.11146637549923e-95"
"sd","6.8e-17","5.1e-95"
