"","deg4","deg5"
"mean","1","0.00239958816872796"
"mean","1","0.0024"
"sd","6.18489720029153e-17","0.00112837612585374"
"sd","6.2e-17","0.0011"
