"","deg1","deg2"
"mean","1","1.79880500641518e-122"
"mean","1","1.8e-122"
"sd","7.43332132970827e-17","7.71838041294752e-122"
"sd","7.4e-17","7.7e-122"
