"deg2","deg3","deg4"
0.992464474057391,0.645458047613549,0.618755932067264
0.98883338152172,0.638243839360886,0.606864871774248
