"deg4","deg5"
0.999832259446739,0.998062956011449
0.999700381370254,0.997719777741372
