"deg4","deg5"
-0.000210231608352154,0.00242772700023027
0.000375516273289235,0.0028578386830648
