"deg1","deg2","deg3"
0.00657159715991014,0.412895620880459,-0.0637149912262773
-0.00146166422159692,0.292455313354197,-0.138795787141534
