"","deg3","deg4"
"mean","0.99640277443865","0.91110202222009"
"mean","1","0.91"
"sd","0.00207161640275355","0.0252625512564653"
"sd","0.0021","0.025"
