"","deg1","deg2"
"mean","0.995581698492793","0.745873093520101"
"mean","1","0.75"
"sd","0.0035314197721882","0.0387565746782226"
"sd","0.0035","0.039"
