"deg1","deg2"
0.997324192881083,0.954320088006005
0.997154639166622,0.895481946707303
