"","deg1","deg2"
"mean","0.997239416023852","0.924901017356654"
"mean","1","0.92"
"sd","0.000119892581271158","0.0416048487047248"
"sd","0.00012","0.042"
