"","deg3","deg4"
"mean","0.995175717486999","0.728363924485819"
"mean","1","0.73"
"sd","0.00349595168023655","0.0368046602926343"
"sd","0.0035","0.037"
