"deg1","deg2"
0.994423131422878,0.621377473939694
0.976861604054065,0.510058466229228
