"deg3","deg4","deg5"
0.997593373785295,0.988708851723556,0.969916680324257
0.998220744166796,0.980785912036234,0.964844092274027
