"deg3","deg4"
0.99966880711235,0.994067123866182
