"deg1","deg2"
0.995045814571701,0.0143080250122205
0.935659900573762,0.0404024241389142
