"deg3","deg4"
0.999884894825565,0.998532812223114
