"deg1","deg2"
0.982580635409491,0.351291780959289
0.954704102733695,0.603460314835856
