"deg1","deg2","deg3"
0.978345947298104,0.999326944058735,0.996790844148261
