"deg1","deg2"
-0.00620919053417577,-2.44943570953531
0.080725948079687,-2.04961081570799
