"deg1","deg2"
-0.00698962514210013,-0.49389905225909
0.0290037446489475,-0.65874665771986
