"deg1","deg2","deg3"
0.027142662789024,0.000843550626433364,0.00402209124218165
