"deg1","deg2"
0.0614913064053331,-1.45193264747548
-0.0711202287949531,-1.13817271345711
