"deg3","deg4"
0.00014426294289846,0.00183884821916947
