"deg2","deg3","deg4"
-0.000650946569718212,0.00922151235924016,0.039313721277192
0.00269579098969742,0.0280969705878615,0.0532652313397133
