"deg3","deg4","deg5"
0.00301626323169981,0.0141518281216374,0.0377127874694381
0.00222996833783672,0.0240836160434856,0.044075662706458
