"deg1","deg2","deg3"
-0.225217789808618,-0.000877488151486077,0.00684143116900557
