"deg1","deg2","deg3"
-0.0252285470526772,-0.362992649380452,-0.522663699549505
0.0257710041827507,-0.151394135069414,-0.120232292528147
