"deg1","deg2","deg3"
-0.976721800032995,-0.00208588197521386,0.0194522821246892
