"deg3","deg4"
0.000415088740189723,0.00743582605589535
