"","deg3","deg4"
"mean","1","3.89659714401082e-92"
"mean","1","3.9e-92"
"sd","5.45456662549035e-17","9.87637176407254e-92"
"sd","5.5e-17","9.9e-92"
