"","deg2","deg3"
"mean","1","0.00368146576809619"
"mean","1","0.0037"
"sd","7.7139220986361e-17","0.00158900137220353"
"sd","7.7e-17","0.0016"
