"","deg2","deg3"
"mean","1","5.26850347424102e-92"
"mean","1","5.3e-92"
"sd","5.0499474174275e-17","1.50247276224773e-91"
"sd","5e-17","1.5e-91"
