"deg4","deg5"
1,0.00971248130688063
1,0.00394010443581008
