"deg3","deg4"
-7.35789813712482,83.871707029934
-7.35822019011788,83.5960342069623
