"deg2","deg3"
-7.37064289996249,254.526739164491
-7.30929422474688,253.473986323719
