"deg1","deg2","deg3"
1,3.41572065391152e-15,4.12204332495218e-27
1,2.00759754048572e-10,1.27857811760269e-26
