"deg2","deg3","deg4"
1,0.0232058793627692,5.62750880946525e-13
1,0.0132181614333317,1.61836887345649e-14
