"deg2","deg3","deg4"
-7.35533276589245,77.7972636499714,165.349236103125
-7.36227325444777,80.8428104263794,175.575723221726
