"deg2","deg3"
0.990888866600328,0.967532148785414
0.995782152628659,0.929399355278129
