"deg1","deg2","deg3"
0.998005332465236,0.955700745013093,0.775706901368631
0.998346456747547,0.933642829476163,0.866699916354998
