"deg2","deg3"
0.0114193604761034,0.0407036536930734
-0.00528631236052395,0.0886005697430495
