"deg3","deg4"
0.99885547209244,0.733359203446394
