"deg4","deg5","deg6"
-0.165897572989622,0.000686862310133379,0.0371196218538523
