"deg1","deg2","deg3"
-2.93055773346138,-0.00109459249505529,0.61353163046585
